index,time,cx,cy,cz,mqx,mqy,mqz,mqw
0,1761145919.3832471,-0.061150952242314816,0.13554558157920837,0.5923825353384018,0.1272255304303218,-0.06899335725310349,0.9274078106559016,0.34491786528983415
1,1761145919.487851,-0.06119211483746767,0.1357989553362131,0.5938030928373337,0.1698696218908695,-0.11333836708976698,0.9104008618667538,0.3598180051308579
2,1761145919.5700037,-0.06149590387940407,0.14485706885655722,0.5989054838816324,0.15475286184772852,-0.12165101476492389,0.9132937776022114,0.35657686148947526
3,1761145919.6508155,-0.05549788164595763,0.14768914878368378,0.593790868918101,0.09574893025838571,-0.06347300079037803,0.9266595768858441,0.3579180759486558
4,1761145919.7308514,-0.04966755164787173,0.14119636826217175,0.5831195414066315,0.026855909238040414,0.028073680642493416,0.9414395297440614,0.3349361736651657
5,1761145919.8076882,-0.04386625283708175,0.15004528562227884,0.5689027508099874,0.14591167537065203,0.015771679236096667,0.9286150284977571,0.3407861000286142
6,1761145919.8848746,-0.0341093169990927,0.14203901775181293,0.5426625460386276,0.1856222840986332,0.10615970316395787,0.9199198350612101,0.32866697754885965
7,1761145919.9639442,-0.027836236251459923,0.14011241495609283,0.5197203010320663,0.10345497137193838,-0.016149734785444413,0.9257681040921792,0.3633038293362226
8,1761145920.0430546,-0.0222428513225168,0.1400710791349411,0.5051090121269226,0.022058855399150323,0.117952407106095,0.9294084078835305,0.3489994955752202
9,1761145920.119382,-0.014245524071156979,0.1405755840241909,0.4844879284501076,-0.029819253609222843,0.23851732623658903,0.9035531351699374,0.35469991418622343
10,1761145920.1735897,nan,nan,nan,nan,nan,nan,nan
11,1761145920.2505445,-0.004670108978947003,0.127164197464784,0.44157663981119794,-0.01633858911835184,-0.22072788000547172,0.9750694043617099,0.015871678285937923
12,1761145920.329994,-0.015038683312013745,0.1220589317381382,0.42336761951446533,0.024524436196530438,0.056699554483538736,-0.3962307813316461,0.9160703469035136
13,1761145920.406217,-0.007359223207458854,0.13593366742134094,0.42107365528742474,-0.06965282451149325,-0.05510876636959606,0.9330281777930411,-0.34866879319920463
14,1761145920.4830186,0.004924822715111077,0.13659602776169777,0.41378243267536163,-0.1408388643804008,-0.012077866630456305,0.9358122608720908,0.32291477485423586
15,1761145920.5594983,0.00645415298640728,0.13615031354129314,0.40668024867773056,-0.03912053080831796,-0.11849425812494,0.9165567456851289,0.3799373985274174
16,1761145920.636245,0.007465317379683256,0.1367149669677019,0.40487994253635406,-0.1635381113858067,-0.03740114644709159,0.9316686165227419,0.3222577064329208
17,1761145920.714661,0.007192887831479311,0.1357161197811365,0.4000719487667084,-0.097941535325681,-0.09574589851592488,0.9278914470384325,0.3467818350034361
18,1761145920.7916343,0.006175868329592049,0.13352090306580067,0.396199032664299,-0.0246190026102587,-0.13913076762475127,0.9107119107251637,0.38812414234873993
19,1761145920.8691077,0.0042285246308892965,0.13240224868059158,0.3953516334295273,-0.03434734298721078,-0.15622320361970254,0.9111974684723804,0.3796495016854903
20,1761145920.9466474,0.0021924666652921587,0.13096714206039906,0.39468570798635483,-0.040018897172630845,-0.17348811196520197,0.9079462404922807,0.37938632981667886
21,1761145921.0267823,-0.0030756730993743986,0.12822462059557438,0.3956443965435028,-0.03624649369265098,-0.11932311622536305,0.9218520252428591,0.36692918824331217
22,1761145921.1027122,-0.01908847293816507,0.11635838821530342,0.3951493352651596,0.02439373217888415,0.05848145618959736,-0.3841975144518975,0.9210739031159839
23,1761145921.1806712,-0.010560271795839071,0.12624250166118145,0.4100829064846039,-0.026871894210166086,-0.1016203906839392,0.9243761794959092,0.36671497962225097
24,1761145921.2593136,-0.018517067035039265,0.120107797284921,0.43716103831926983,-0.1284281222180919,-0.0701551745627555,0.9892284959654178,0.0033840324468674926
25,1761145921.3365502,-0.02524700155481696,0.12653017975389957,0.45137374103069305,0.005440000167803686,-0.17104581905869043,0.9085063058844255,0.3812217548211942
26,1761145921.4136524,-0.03083750233054161,0.12564776837825775,0.4651079848408699,-0.010047499129679659,-0.14228098819478727,0.9173753303641179,0.37158803990290035
27,1761145921.4917474,-0.040833399863913655,0.12403287924826145,0.48974165320396423,0.11498160552567291,-0.32130025482399643,0.8304578773575954,0.44032384738450253
28,1761145921.5659723,-0.04712799315651258,0.11657443890968959,0.5073714156945547,0.04680886092991439,-0.3792778068806039,0.9213567549496102,0.07112668876734722
29,1761145921.6435323,-0.05367145625253519,0.11620357880989711,0.5276023348172506,-0.007145674006458244,-0.19726853146501602,0.9801835045692858,0.016563912789621042
30,1761145921.7210095,-0.06363669658700626,0.11471794794003169,0.5587817629178365,0.1376262821871549,-0.29397272064872965,0.9416941394833832,0.08860696151192668
31,1761145921.7983968,-0.07054652832448483,0.12282595224678516,0.5842769294977188,0.07281033953324147,-0.10421056108996614,0.9274854080668788,0.35158161390690473
32,1761145921.8734882,-0.07553594745695591,0.12183944880962372,0.5990708023309708,0.06604529544339115,-0.15485812022921427,0.9159581505908972,0.36424943090548917
33,1761145921.949656,-0.08242084458470345,0.12138204090297222,0.620283454656601,0.06491547031128458,-0.20228787439661006,0.9031547818243558,0.3730643880808863
34,1761145922.026593,-0.09011692926287651,0.12082787603139877,0.6444549709558487,0.1926199750976811,-0.31194302046439865,0.8375121413123552,0.4051697302752392
35,1761145922.1041052,-0.09653531573712826,0.12087496556341648,0.6649189293384552,0.2014948064991709,-0.12667165564258212,0.8992421095461994,0.3670391845968627
36,1761145922.1820338,-0.10163026675581932,0.1216253712773323,0.682897299528122,0.12569752261019854,-0.10872968531829211,0.9190162693794441,0.35747319473791683
37,1761145922.2612107,-0.10542349331080914,0.12146859429776669,0.6986827254295349,0.12906399762544898,-0.1660777898978912,0.912202243704116,0.3516357757691141
38,1761145922.3407207,-0.10976032726466656,0.12249049358069897,0.7161532491445541,0.1398345427984342,-0.15833122246087047,0.9104851528422867,0.355519775945245
39,1761145922.41723,-0.1149741318076849,0.12241706065833569,0.732082188129425,0.15896760827744597,-0.1571638331022693,0.9087958768703388,0.35230509968864
40,1761145922.4945242,-0.1174375843256712,0.1219335850328207,0.7410828322172165,0.16026132064119702,-0.14044212493080746,0.9105382806389745,0.35427723345182544
41,1761145922.5725083,-0.12042143754661083,0.12312430888414383,0.7532075345516205,0.14817033810508354,-0.10348233760382211,0.9175837361316719,0.3540862096954866
42,1761145922.650854,-0.12227660045027733,0.1246494147926569,0.7638887315988541,0.07108660579506403,-0.033163943256173764,0.9426287743854187,0.3244962881835198
43,1761145922.7311323,-0.12349063530564308,0.1262756623327732,0.7715944200754166,0.02555624251914519,0.013427400012888854,0.94121749090237,0.33656532533320105
44,1761145922.8065395,-0.12472825311124325,0.1287450920790434,0.77935491502285,0.016981890903079205,0.0088910895928151,0.9414613939679961,0.3365754114237195
45,1761145922.8821237,-0.12490654985109965,0.1393509954214096,0.7872710824012756,0.016093023854510807,0.02716142505402226,0.9412815406220006,0.3361433218978563
46,1761145922.9660516,-0.12342599779367447,0.1326619442552328,0.7813671827316284,0.036187918186601775,0.0500749941469942,0.9400175319478767,0.3354846779945708
47,1761145923.0562847,-0.11977482214570045,0.1391662247478962,0.7815244495868683,0.12645803936487754,-0.10697829395991795,0.9271945021848467,0.335967802057892
48,1761145923.1323118,-0.11608033999800682,0.14032707922160625,0.7710742503404617,0.13387334650333446,0.059409261372777335,0.9327222164868502,0.3295113558452831
49,1761145923.2091265,-0.11232568882405758,0.14323010481894016,0.7609319388866425,0.20987350271919433,0.10661340285031866,0.9220247816238765,0.30733857105884893
50,1761145923.2861154,-0.10734619945287704,0.15407879650592804,0.7521829207738241,0.1694260780639337,0.17640937226689235,0.9215312446875026,0.30158697338077656
51,1761145923.3632534,-0.09881511144340038,0.14881578460335732,0.7295285165309906,0.19752811377280036,0.1832741332030545,0.9194340225424069,0.2864163308184735
52,1761145923.4420853,-0.0916487704962492,0.1492042876780033,0.708234041929245,0.22787275354503878,0.17295182574073395,0.9172571917135849,0.27712978622742235
53,1761145923.520153,-0.08514020716150601,0.1585173656543096,0.6904036204020182,0.14508002206166468,0.2234088221795685,0.9212253223874942,0.28352105876456885
54,1761145923.5965624,-0.07466409479578336,0.15946645041306814,0.6660553216934204,0.20635847627700413,0.10650779816119456,0.9280557696388578,0.29117822143751515
55,1761145923.674111,-0.06604928647478421,0.15724746386210123,0.6392968495686849,0.17378708869052523,0.16700550246931362,0.9238768623219984,0.2972520028788756
56,1761145923.7494488,-0.058647465581695236,0.15658124287923178,0.6205535928408304,0.1830612470604671,0.09953799963535388,0.9259375372754635,0.3149927674050767
57,1761145923.829915,-0.04727888914446036,0.15532411138216654,0.5891050895055135,0.23061822231494913,0.054927102156690645,0.9214661342870698,0.3077310714682624
58,1761145923.9073355,-0.039499391335994005,0.14342249184846878,0.5574499517679214,0.2081512974096633,0.054332086878948464,0.924147719525142,0.3157088123865599
59,1761145923.9808671,-0.03304698341526091,0.1442359071224928,0.5442385971546173,0.1128562358384377,0.06766633483227644,0.9343562381288834,0.33115428040776806
60,1761145924.0574353,-0.02687862627984335,0.1508487860361735,0.5231638749440511,0.05723539668015603,0.22101917889644543,0.9179121995866295,0.32451783583778815
61,1761145924.1345468,-0.018345943419262767,0.1422651093453169,0.4984925091266632,0.0729385893356876,0.22052579772213857,0.9174974767508169,0.3228725985286125
62,1761145924.2120998,-0.01294955238699913,0.14096988178789616,0.47910401225090027,0.057264170613114014,0.16668592307041852,0.9205631131443627,0.34856874864524795
63,1761145924.2895107,-0.008585325442254543,0.1407320350408554,0.46443310379981995,0.020832467883638447,-0.00042374323044952825,0.999576131484605,0.020331898332994407
64,1761145924.3671045,-0.0165254648309201,0.12531335651874542,0.43683576583862305,-0.008775278500740407,-0.023290716663111284,-0.3524671671792705,0.9354931496623443
65,1761145924.445709,-0.008824869010519857,0.13651938984791437,0.4238523840904236,-0.11029905281054754,-0.016650768385066902,0.928062334979026,-0.35532685411401305
66,1761145924.5223453,0.002389132307143882,0.13599537126719952,0.4159177988767624,-0.011618239997610138,-0.050610379358609334,0.9327400281116965,0.35679075935165006
67,1761145924.601529,0.004918473423458636,0.13698405399918556,0.40931519865989685,0.024182654194413743,-0.10073262564997025,0.9196423277987644,0.37884842125399765
68,1761145924.679766,0.005448916228488088,0.13583973795175552,0.4041197821497917,0.00238185101994327,-0.0753364909021238,0.926403530019185,0.36891088285962265
69,1761145924.7603893,0.005434874445199966,0.1349569372832775,0.4011247530579567,-0.004034956066587345,-0.106465257013361,0.9211476596081223,0.37434724171162076
70,1761145924.8391347,0.004044883011374623,0.13366038352251053,0.4001826196908951,-0.004264851595703825,-0.15998254691429142,0.9075487842471746,0.3882558434011763
71,1761145924.917508,0.0020605149620678276,0.13220995664596558,0.3995305001735687,-0.007627377852763405,-0.15797258976975606,0.9100686974197634,0.3830945705243326
72,1761145924.999277,-0.000931639653572347,0.1307318340986967,0.3999320790171623,-0.0288049948603111,-0.14248541343721985,0.9180602800742856,0.3688271971786328
73,1761145925.0780828,-0.004969879053533077,0.124834343791008,0.4156191051006317,-0.3097739235194671,-0.3308863031606272,0.8720037858631665,-0.18483443436858224
74,1761145925.1540012,-0.009633637343843779,0.12150125205516815,0.4157916307449341,-0.24540817497408285,-0.30873084779371396,0.9112456662868533,-0.1187073163284103
75,1761145925.2340531,-0.01788326973716418,0.11991291741530101,0.4329252938429515,0.10130119251435897,0.022653490013497715,0.991458035853087,0.07896740421031938
76,1761145925.3141358,-0.023418822092935443,0.12652375549077988,0.44759419560432434,-0.001367054067393298,-0.024430860433821647,0.9381119234101464,0.3454667616100798
77,1761145925.3917131,-0.029134992568288,0.12577709555625916,0.461987666785717,-0.018625861515564356,-0.07209071751154375,0.9302037539259332,0.35941199467126245
78,1761145925.4703064,-0.038665574664870896,0.11629482855399449,0.4816216131051381,-0.025950051242368672,-0.045768752124236665,0.99813115002709,0.03108091882662837
79,1761145925.5479956,-0.044882746413350105,0.11709028979142506,0.5052242875099182,-0.22207325553595786,-0.31059845772325045,0.9179804131303663,-0.10735002722217325
80,1761145925.626316,-0.05218682189782461,0.11656905710697174,0.5252601703008016,0.028867538366965807,-0.2761380479205166,0.9597769467972477,0.04174513284002711
81,1761145925.703873,-0.06221098080277443,0.11614665885766347,0.5573543310165405,0.1990706728708213,-0.2132563516089608,0.9499228082671,0.11197881065246296
82,1761145925.7802422,-0.06827484164386988,0.12239756807684898,0.5766597986221313,0.1103503667837509,-0.18522701322882607,0.8982246272069827,0.3830225439838976
83,1761145925.8575914,-0.07558632921427488,0.12281813658773899,0.5999307781457901,0.15003408098214724,-0.21339548494947305,0.8893493933570554,0.3755127136096186
84,1761145925.934179,-0.08366360701620579,0.12149950675666332,0.6260396242141724,0.1254201461847374,0.031116979712088325,0.929140640742056,0.3464089927037665
85,1761145926.0130115,-0.08989867381751537,0.12148719280958176,0.6473957151174545,0.15292171043362016,0.0440860713995097,0.9288028439743943,0.3346589992988239
86,1761145926.0925293,-0.09468383714556694,0.12070455215871334,0.6608645468950272,0.15255169047329062,-0.0421483572939313,0.9276367774283911,0.3382920437631277
87,1761145926.1688745,-0.10227749682962894,0.12097963877022266,0.6866260021924973,0.18126395406467985,-0.04313599783065428,0.9201606386638921,0.34436472482188074
88,1761145926.2527068,-0.1061702836304903,0.121211227029562,0.7001075744628906,0.12895772037494235,-0.08250063222247996,0.9234102159855767,0.3519618232877821
89,1761145926.331037,-0.10983211547136307,0.12153439596295357,0.7155580818653107,0.10058462863085868,-0.08794878450434383,0.929407123226384,0.34402055619316985
90,1761145926.407662,-0.11363736726343632,0.12055479362607002,0.728893369436264,0.16072981280534854,-0.09963564549189233,0.9204313622488957,0.34211806852549304
91,1761145926.486284,-0.11677971296012402,0.12116087973117828,0.7411338239908218,0.17934610972544968,-0.10992758777128613,0.9155370837602947,0.3428450767224583
92,1761145926.5650797,-0.11976722814142704,0.12240158766508102,0.7534772604703903,0.15449915852580412,-0.1091830815544237,0.9200804668390727,0.3430174911841851
93,1761145926.6423264,-0.12129227072000504,0.12391664832830429,0.7629008144140244,0.19322076960345458,-0.12187178042996118,0.9138814979193381,0.3356093131743914
94,1761145926.7190347,-0.12299556843936443,0.12606011889874935,0.7716788202524185,0.11948715499998495,-0.07384574947917258,0.931608672436035,0.3352236664017581
95,1761145926.7983525,-0.12379360757768154,0.12776879779994488,0.7766860276460648,0.08658965883580087,-0.02737788184965624,0.9387832156766689,0.3323232711260206
96,1761145926.8755474,-0.12423092685639858,0.13117782771587372,0.783922091126442,0.11290646633692082,-0.03285749146452915,0.9362753786012588,0.33099989507405875
97,1761145926.9506066,-0.12309770658612251,0.13301052898168564,0.7825685888528824,0.10404186385620845,-0.0066821227618743305,0.9386143596902322,0.32883692551782673
98,1761145927.0321128,-0.1215658113360405,0.13574918918311596,0.7821228951215744,0.16622042332305398,-0.09723545983016384,0.9205843332377814,0.33976539202672
99,1761145927.1083257,-0.11736482878526051,0.14879844586054483,0.7772714098294576,0.14188770658641467,0.04384626934668107,0.931676447744622,0.331548458150522
100,1761145927.1871727,-0.11267175152897835,0.1416415013372898,0.7618804723024368,0.21823670298223108,0.12250168381127714,0.9285303325018686,0.27422162671608646
101,1761145927.266836,-0.10838992334902287,0.14414802752435207,0.7517267912626266,0.24813571104325652,0.1330265861646136,0.9109214637071825,0.30158694142155806
102,1761145927.3481011,-0.10047232918441296,0.14830696024000645,0.7339632958173752,0.1955839231325479,0.22894261555385723,0.9120678149976819,0.2783244664789546
103,1761145927.4269936,-0.09372984990477562,0.14900851622223854,0.7142179012298584,0.2098001623362458,0.17318268496834877,0.9187987181576635,0.2860079806975202
104,1761145927.5042756,-0.08718873436252277,0.1579025387763977,0.6961319843928019,0.2112230993017949,0.13158936964308915,0.9274495335169628,0.279117184883781
105,1761145927.5818138,-0.07655609585344791,0.15033726580440998,0.6683428436517715,0.16410161783736027,0.2235944231175747,0.9175434119046866,0.284939081637087
106,1761145927.657472,-0.06879427656531334,0.15677409370740256,0.6440036098162333,0.17961946607230844,0.2010079394793349,0.9244750320964235,0.269589633896572
107,1761145927.7367787,-0.06102655827999115,0.1566613962252935,0.6255869666735331,0.1482336206490366,0.11766151315125294,0.9386638742507687,0.28825803234042263
108,1761145927.8139014,-0.04915018705651164,0.14547118544578552,0.5882593393325806,0.25225482186550974,0.17931043516288436,0.9097360965181456,0.2767589336936108
109,1761145927.8903844,-0.04139005043543875,0.14453828893601894,0.5666848421096802,0.18733068495986196,-0.023376255218123698,0.9202851566734737,0.34268935724782323
110,1761145927.9665616,-0.034865663037635386,0.14387100003659725,0.5478903502225876,0.08171396270256415,0.01165988352425466,0.9427651503851703,0.32308009321973424
111,1761145928.0424924,-0.026322852354496717,0.1512061357498169,0.5207773248354594,0.13037401956741576,0.10566551353625338,0.9300640199346343,0.3268307407420286
112,1761145928.1196477,-0.019281909335404634,0.1417395267635584,0.5034467801451683,0.08487803410156863,0.05605964971599592,0.9356417738809565,0.3379755996661145
113,1761145928.1988745,-0.01428845664486289,0.13966102339327335,0.48386435955762863,0.03844771458235349,0.13885530374254834,0.9287045455907338,0.341685300920404
114,1761145928.2765977,-0.007106541655957699,0.13917164504528046,0.46361756324768066,0.029704429498599787,-0.0005325870776583488,0.9993979594662343,0.017918756482927282
115,1761145928.3537173,-0.016856089001521468,0.12482104077935219,0.44201940298080444,0.04016300991067187,0.09276739982372725,-0.3952707350374504,0.9129853165236634
116,1761145928.432267,-8.108346992230508e-05,0.13605635426938534,0.4281352236866951,0.02233580043795432,-0.10819906207394346,0.9168925304460609,0.38353899749221604
117,1761145928.5088499,0.0035743965418078005,0.13697530701756477,0.4178071916103363,-0.10186351137666043,-0.09565611637260647,0.9320502719575858,0.3342993015163472
118,1761145928.588993,0.004683246370404959,0.1365167237818241,0.41025451570749283,-0.05295490293678181,-0.1021889924132722,0.9301848089685113,0.34858199788389865
119,1761145928.6667635,0.005628186394460499,0.1360431406646967,0.4050406888127327,-0.033787586741726716,-0.0843399516642171,0.9293987491501072,0.3577193545416069
120,1761145928.7436452,0.005224987398833036,0.13536501862108707,0.4020830988883972,-0.04083593781811282,-0.09722811711134431,0.9283531502700495,0.3564260762194215
121,1761145928.8219595,0.005024426383897662,0.13472728617489338,0.40069975703954697,-0.03671476026576916,-0.11733175347715452,0.9220496649274579,0.3670282024746409
122,1761145928.9012988,0.003529635607264936,0.13336275145411491,0.3996713310480118,-0.04454261132848299,-0.13959739373522093,0.9188436013331809,0.36640818730951424
123,1761145928.980973,-0.0013993723405292258,0.13016641698777676,0.3990092799067497,-0.022687176664944218,-0.148329855589145,0.9132333574704701,0.3787986018441589
124,1761145929.057389,-0.004557238503669699,0.12179100016752879,0.4029576778411865,-0.15185251752864803,-0.2949117302315706,0.9424656813887141,-0.04154905169242516
125,1761145929.1367965,-0.008829718455672264,0.11950613558292389,0.4060712953408559,0.0002997396397954287,-0.2431070663023397,0.9677191569123387,0.06647178209504047
