index,time,px,py,pz,qx,qy,qz,qw
0,1761145919.3832471,0.45014472631771446,0.00039667756065576304,0.1970848020066196,0.9547180443839904,0.29748016661550186,0.0020295324429172993,0.003099448669808852
1,1761145919.487851,0.45014472631771446,0.00039667756065576304,0.1970848020066196,0.9547180443839904,0.29748016661550186,0.0020295324429172993,0.003099448669808852
2,1761145919.5700037,0.45400758348161274,0.006852639548590606,0.1999278281477651,0.9532436186668121,0.3021452847612657,0.004669590227774464,0.0027800029094188434
3,1761145919.6508155,0.45400758348161274,0.006852639548590606,0.1999278281477651,0.9532436186668121,0.3021452847612657,0.004669590227774464,0.0027800029094188434
4,1761145919.7308514,0.46972146286330213,0.03454544373226536,0.20973775464271127,0.94958453961212,0.31323048365082995,0.012951895130137293,0.001666621773288869
5,1761145919.8076882,0.46972146286330213,0.03454544373226536,0.20973775464271127,0.94958453961212,0.31323048365082995,0.012951895130137293,0.001666621773288869
6,1761145919.8848746,0.4902079209624189,0.06535865999966262,0.22342778198383823,0.9442330202486731,0.3288119582459428,0.0169530341024514,-0.0037278993867390776
7,1761145919.9639442,0.4902079209624189,0.06535865999966262,0.22342778198383823,0.9442330202486731,0.3288119582459428,0.0169530341024514,-0.0037278993867390776
8,1761145920.0430546,0.513487825203074,0.09477491258300372,0.23939404301786843,0.9370521750414301,0.3484767941072037,0.02098961555298465,-0.007148585894250393
9,1761145920.119382,0.513487825203074,0.09477491258300372,0.23939404301786843,0.9370521750414301,0.3484767941072037,0.02098961555298465,-0.007148585894250393
10,1761145920.1735897,0.5320820296058787,0.12096439521859904,0.2528620952998065,0.929136058695449,0.3690841344220605,0.020197296234462706,-0.008341616158482522
11,1761145920.2505445,0.5320820296058787,0.12096439521859904,0.2528620952998065,0.929136058695449,0.3690841344220605,0.020197296234462706,-0.008341616158482522
12,1761145920.329994,0.5462207223722298,0.13788167767691828,0.26257307287626436,0.9224739736147269,0.38540638171645397,0.02074826161944853,-0.008218582172281592
13,1761145920.406217,0.5462207223722298,0.13788167767691828,0.26257307287626436,0.9224739736147269,0.38540638171645397,0.02074826161944853,-0.008218582172281592
14,1761145920.4830186,0.5592538359403879,0.15247206616340903,0.2709157145516795,0.9150079571734562,0.40283865267891683,0.02034917717291976,-0.00785002923035565
15,1761145920.5594983,0.5592538359403879,0.15247206616340903,0.2709157145516795,0.9150079571734562,0.40283865267891683,0.02034917717291976,-0.00785002923035565
16,1761145920.636245,0.5665734584624105,0.15903880761179898,0.2761647091290589,0.9094591122814712,0.4154425148807211,0.015504633150297514,-0.006740073032138942
17,1761145920.714661,0.5665734584624105,0.15903880761179898,0.2761647091290589,0.9094591122814712,0.4154425148807211,0.015504633150297514,-0.006740073032138942
18,1761145920.7916343,0.5671678039487626,0.15670744099646536,0.2770948696396481,0.905510394553788,0.42414332606355737,0.01120689124539413,-0.004679802717513516
19,1761145920.8691077,0.5671678039487626,0.15670744099646536,0.2770948696396481,0.905510394553788,0.42414332606355737,0.01120689124539413,-0.004679802717513516
20,1761145920.9466474,0.5625391043371845,0.14659954933378525,0.27300152075637246,0.9037400052075821,0.4280639074431851,0.0007634172354344282,-0.002969536682713604
21,1761145921.0267823,0.5625391043371845,0.14659954933378525,0.27300152075637246,0.9037400052075821,0.4280639074431851,0.0007634172354344282,-0.002969536682713604
22,1761145921.1027122,0.5511861307089853,0.12727026991136026,0.265018338509425,0.904709799373292,0.4258489628811084,-0.01195675910879674,0.001998975030833528
23,1761145921.1806712,0.5511861307089853,0.12727026991136026,0.265018338509425,0.904709799373292,0.4258489628811084,-0.01195675910879674,0.001998975030833528
24,1761145921.2593136,0.5337225741150344,0.10060528101340044,0.2544203828407852,0.9083102390138602,0.41757852662259076,-0.023368713898045613,0.006982579002146455
25,1761145921.3365502,0.5337225741150344,0.10060528101340044,0.2544203828407852,0.9083102390138602,0.41757852662259076,-0.023368713898045613,0.006982579002146455
26,1761145921.4136524,0.5112209219932821,0.06761513060901307,0.24030437621397355,0.914640690700947,0.40316601529210794,-0.028413159398508258,0.008747278804699268
27,1761145921.4917474,0.5112209219932821,0.06761513060901307,0.24030437621397355,0.914640690700947,0.40316601529210794,-0.028413159398508258,0.008747278804699268
28,1761145921.5659723,0.4838125048674821,0.03077485383273423,0.2233622418916491,0.9230197171713872,0.38359829705024984,-0.02862689376516529,0.007861585878085027
29,1761145921.6435323,0.4838125048674821,0.03077485383273423,0.2233622418916491,0.9230197171713872,0.38359829705024984,-0.02862689376516529,0.007861585878085027
30,1761145921.7210095,0.45537851083625525,-0.006681189744795393,0.206779018494563,0.932846684316569,0.35923430882617136,-0.026281433135231794,0.007178724833443268
31,1761145921.7983968,0.45537851083625525,-0.006681189744795393,0.206779018494563,0.932846684316569,0.35923430882617136,-0.026281433135231794,0.007178724833443268
32,1761145921.8734882,0.426254245577367,-0.044107205784473864,0.18908754646788603,0.9431292034517328,0.3314478095560611,-0.024741137298073913,0.005667758827398243
33,1761145921.949656,0.426254245577367,-0.044107205784473864,0.18908754646788603,0.9431292034517328,0.3314478095560611,-0.024741137298073913,0.005667758827398243
34,1761145922.026593,0.40002998503294246,-0.07799814841515963,0.17273466812621052,0.9528177508883987,0.3026447895639557,-0.02302482872893641,0.0030038793697528413
35,1761145922.1041052,0.40002998503294246,-0.07799814841515963,0.17273466812621052,0.9528177508883987,0.3026447895639557,-0.02302482872893641,0.0030038793697528413
36,1761145922.1820338,0.3762526220073009,-0.10810555863780219,0.15689325309730726,0.9621578691789421,0.2718695311274293,-0.01825936353919399,0.0007686769146675057
37,1761145922.2612107,0.3762526220073009,-0.10810555863780219,0.15689325309730726,0.9621578691789421,0.2718695311274293,-0.01825936353919399,0.0007686769146675057
38,1761145922.3407207,0.357951677879546,-0.13220328405877302,0.14510939981768517,0.9701695517903561,0.24226498102048974,-0.007990292742409979,0.0031243445984748862
39,1761145922.41723,0.357951677879546,-0.13220328405877302,0.14510939981768517,0.9701695517903561,0.24226498102048974,-0.007990292742409979,0.0031243445984748862
40,1761145922.4945242,0.34261489494206077,-0.14822076703054363,0.13544903880571402,0.9762576075185921,0.2163208631708896,-0.010749010342470664,-0.00240355385148729
41,1761145922.5725083,0.34261489494206077,-0.14822076703054363,0.13544903880571402,0.9762576075185921,0.2163208631708896,-0.010749010342470664,-0.00240355385148729
42,1761145922.650854,0.33560656198798994,-0.15584780407455515,0.12958369884480886,0.9799717624982218,0.19872297936797312,-0.011560867771220713,-0.005085005868867533
43,1761145922.7311323,0.33560656198798994,-0.15584780407455515,0.12958369884480886,0.9799717624982218,0.19872297936797312,-0.011560867771220713,-0.005085005868867533
44,1761145922.8065395,0.3357735695917155,-0.1547747937236676,0.12717325611184735,0.982245903876617,0.18716897331770846,-0.011141295502677537,-0.005625229713819147
45,1761145922.8821237,0.3357735695917155,-0.1547747937236676,0.12717325611184735,0.982245903876617,0.18716897331770846,-0.011141295502677537,-0.005625229713819147
46,1761145922.9660516,0.34234155461133636,-0.14469369247975786,0.12795969908443228,0.9833980377163934,0.1811696794535231,-0.00898029788229057,-0.004497137978334658
47,1761145923.0562847,0.34234155461133636,-0.14469369247975786,0.12795969908443228,0.9833980377163934,0.1811696794535231,-0.00898029788229057,-0.004497137978334658
48,1761145923.1323118,0.3577130067707316,-0.12192997505783255,0.1326857224240488,0.9829541019723212,0.18380388839191486,-0.00340601247819535,-0.0008840291285577138
49,1761145923.2091265,0.3577130067707316,-0.12192997505783255,0.1326857224240488,0.9829541019723212,0.18380388839191486,-0.00340601247819535,-0.0008840291285577138
50,1761145923.2861154,0.3766801614139063,-0.09424875310308722,0.1409853409496966,0.9810548730255957,0.19365553487489812,0.002999169331980043,0.0038566902960125815
51,1761145923.3632534,0.3766801614139063,-0.09424875310308722,0.1409853409496966,0.9810548730255957,0.19365553487489812,0.002999169331980043,0.0038566902960125815
52,1761145923.4420853,0.3998368239998778,-0.06074316593685539,0.15407215584436154,0.9783099758599055,0.2069457943482825,0.00702194533379944,0.0053565791802490945
53,1761145923.520153,0.3998368239998778,-0.06074316593685539,0.15407215584436154,0.9783099758599055,0.2069457943482825,0.00702194533379944,0.0053565791802490945
54,1761145923.5965624,0.42644684222787216,-0.022784234692220833,0.172751040768633,0.9736376392274448,0.2278360841304154,0.009190149568785354,0.005561522381974798
55,1761145923.674111,0.42644684222787216,-0.022784234692220833,0.172751040768633,0.9736376392274448,0.2278360841304154,0.009190149568785354,0.005561522381974798
56,1761145923.7494488,0.4522452408269008,0.015517974218378746,0.19296687128759793,0.9676415409760063,0.25198406752111113,0.012334308372117431,0.004074680749598645
57,1761145923.829915,0.4522452408269008,0.015517974218378746,0.19296687128759793,0.9676415409760063,0.25198406752111113,0.012334308372117431,0.004074680749598645
58,1761145923.9073355,0.4799488264390115,0.05285046307041183,0.21403217867371466,0.959838475710029,0.2800102526454723,0.017261649361727978,-0.0010823534444105757
59,1761145923.9808671,0.4799488264390115,0.05285046307041183,0.21403217867371466,0.959838475710029,0.2800102526454723,0.017261649361727978,-0.0010823534444105757
60,1761145924.0574353,0.5041114994489025,0.08511682841054591,0.23194989248688502,0.9511365821121929,0.3080741443185666,0.019213046270409054,-0.0074205357339993516
61,1761145924.1345468,0.5041114994489025,0.08511682841054591,0.23194989248688502,0.9511365821121929,0.3080741443185666,0.019213046270409054,-0.0074205357339993516
62,1761145924.2120998,0.5272644903509244,0.11371382128681996,0.24841595222067564,0.9412736291359659,0.33689236596075733,0.02066079845234018,-0.00867123815766057
63,1761145924.2895107,0.5272644903509244,0.11371382128681996,0.24841595222067564,0.9412736291359659,0.33689236596075733,0.02066079845234018,-0.00867123815766057
64,1761145924.3671045,0.5462884754392324,0.1358219801454988,0.2619330161034171,0.9315317907795098,0.36313376973750944,0.017510854970867323,-0.00837933507715534
65,1761145924.445709,0.5462884754392324,0.1358219801454988,0.2619330161034171,0.9315317907795098,0.36313376973750944,0.017510854970867323,-0.00837933507715534
66,1761145924.5223453,0.5588976121073336,0.15042240453026123,0.26981754708924455,0.9229722409733615,0.38453011240166574,0.01450956227081712,-0.006531377199437855
67,1761145924.601529,0.5588976121073336,0.15042240453026123,0.26981754708924455,0.9229722409733615,0.38453011240166574,0.01450956227081712,-0.006531377199437855
68,1761145924.679766,0.564731747708302,0.15577134386674474,0.27462463655461145,0.9162024318691426,0.40051665734954794,0.011148723347650361,-0.005429905252994742
69,1761145924.7603893,0.564731747708302,0.15577134386674474,0.27462463655461145,0.9162024318691426,0.40051665734954794,0.011148723347650361,-0.005429905252994742
70,1761145924.8391347,0.5642294207348066,0.15210879782005804,0.2745210642592003,0.9112471409795514,0.4117652221220904,0.007397984422538231,-0.004186122303861774
71,1761145924.917508,0.5642294207348066,0.15210879782005804,0.2745210642592003,0.9112471409795514,0.4117652221220904,0.007397984422538231,-0.004186122303861774
72,1761145924.999277,0.5584661667822093,0.13985733138034007,0.2698044052007589,0.9089114552310047,0.4169645233752815,-0.00321124175279354,-0.002101058326842527
73,1761145925.0780828,0.5584661667822093,0.13985733138034007,0.2698044052007589,0.9089114552310047,0.4169645233752815,-0.00321124175279354,-0.002101058326842527
74,1761145925.1540012,0.5450080682378547,0.11796304533210844,0.26111315338108076,0.9095731225597936,0.4152034520035502,-0.016336145339241694,0.0031846882932396172
75,1761145925.2340531,0.5450080682378547,0.11796304533210844,0.26111315338108076,0.9095731225597936,0.4152034520035502,-0.016336145339241694,0.0031846882932396172
76,1761145925.3141358,0.525586579226736,0.08883489397358076,0.24936035918756402,0.91326965431374,0.40645479213399366,-0.025981081142102187,0.007228913707992196
77,1761145925.3917131,0.525586579226736,0.08883489397358076,0.24936035918756402,0.91326965431374,0.40645479213399366,-0.025981081142102187,0.007228913707992196
78,1761145925.4703064,0.5012219733150429,0.05402201815552376,0.23393517835080752,0.9197657921411095,0.39136152947780223,-0.028063671274510517,0.008589903931365134
79,1761145925.5479956,0.5012219733150429,0.05402201815552376,0.23393517835080752,0.9197657921411095,0.39136152947780223,-0.028063671274510517,0.008589903931365134
80,1761145925.626316,0.4720278234652432,0.016473187586212697,0.21662102661345428,0.9281841518786604,0.37105518970893925,-0.02695574514217436,0.007748010805533191
81,1761145925.703873,0.4720278234652432,0.016473187586212697,0.21662102661345428,0.9281841518786604,0.37105518970893925,-0.02695574514217436,0.007748010805533191
82,1761145925.7802422,0.443323416208623,-0.021654178443978954,0.19971607003605696,0.9376817625273128,0.3463973609970758,-0.02676643072205691,0.006314153195358211
83,1761145925.8575914,0.443323416208623,-0.021654178443978954,0.19971607003605696,0.9376817625273128,0.3463973609970758,-0.02676643072205691,0.006314153195358211
84,1761145925.934179,0.415419883804811,-0.05845877942853537,0.18262990480165636,0.9477071776875696,0.3181912001157641,-0.02402483986483055,0.004787139894528627
85,1761145926.0130115,0.415419883804811,-0.05845877942853537,0.18262990480165636,0.9477071776875696,0.3181912001157641,-0.02402483986483055,0.004787139894528627
86,1761145926.0925293,0.38898214898072153,-0.09134966354666067,0.16621609256326608,0.9573497279424321,0.28809397303290285,-0.021801040125942195,0.0016812427027316041
87,1761145926.1688745,0.38898214898072153,-0.09134966354666067,0.16621609256326608,0.9573497279424321,0.28809397303290285,-0.021801040125942195,0.0016812427027316041
88,1761145926.2527068,0.3664020540181632,-0.11865026418908226,0.1518908914259861,0.9658861355655443,0.25828392626392627,-0.018610159038120952,-0.0013751570391119967
89,1761145926.331037,0.3664020540181632,-0.11865026418908226,0.1518908914259861,0.9658861355655443,0.25828392626392627,-0.018610159038120952,-0.0013751570391119967
90,1761145926.407662,0.3484707054952902,-0.1402660593156089,0.14103379506702582,0.973358527632515,0.2286999757447241,-0.015806215400441012,-0.003818679330802559
91,1761145926.486284,0.3484707054952902,-0.1402660593156089,0.14103379506702582,0.973358527632515,0.2286999757447241,-0.015806215400441012,-0.003818679330802559
92,1761145926.5650797,0.3378059924080088,-0.15249185829265205,0.13312981301460655,0.9781465702046046,0.20739529221030004,-0.013603413846332086,-0.005137841083858066
93,1761145926.6423264,0.3378059924080088,-0.15249185829265205,0.13312981301460655,0.9781465702046046,0.20739529221030004,-0.013603413846332086,-0.005137841083858066
94,1761145926.7190347,0.3343284838476561,-0.15638299144623752,0.1283742502553416,0.9813979783876501,0.19152283426165417,-0.011881922020860771,-0.005552953287091226
95,1761145926.7983525,0.3343284838476561,-0.15638299144623752,0.1283742502553416,0.9813979783876501,0.19152283426165417,-0.011881922020860771,-0.005552953287091226
96,1761145926.8755474,0.3375528028942947,-0.15146938396401033,0.12736309341514807,0.9833122880680569,0.18153021893401458,-0.010652105247505251,-0.005027828582839104
97,1761145926.9506066,0.3375528028942947,-0.15146938396401033,0.12736309341514807,0.9833122880680569,0.18153021893401458,-0.010652105247505251,-0.005027828582839104
98,1761145927.0321128,0.34744516428982025,-0.13704445518260475,0.12958511300538617,0.9836854451968333,0.17970589787874455,-0.007420857784851557,-0.002948237800024069
99,1761145927.1083257,0.34744516428982025,-0.13704445518260475,0.12958511300538617,0.9836854451968333,0.17970589787874455,-0.007420857784851557,-0.002948237800024069
100,1761145927.1871727,0.363561387450872,-0.11325053568178815,0.13523024361757374,0.9828881542505875,0.18417886440615364,-0.0015869508508001976,0.0012334575607829063
101,1761145927.266836,0.363561387450872,-0.11325053568178815,0.13523024361757374,0.9828881542505875,0.18417886440615364,-0.0015869508508001976,0.0012334575607829063
102,1761145927.3481011,0.3852351109690911,-0.08185219918834653,0.1455460296638726,0.9805622412637992,0.1960726282687963,0.0045589288405884585,0.0052369711419997635
103,1761145927.4269936,0.3852351109690911,-0.08185219918834653,0.1455460296638726,0.9805622412637992,0.1960726282687963,0.0045589288405884585,0.0052369711419997635
104,1761145927.5042756,0.41035715873052175,-0.045738053880135084,0.16105268324182398,0.9767577902558067,0.21409685186699629,0.008172304751363144,0.005909828855748512
105,1761145927.5818138,0.41035715873052175,-0.045738053880135084,0.16105268324182398,0.9767577902558067,0.21409685186699629,0.008172304751363144,0.005909828855748512
106,1761145927.657472,0.4364150425235438,-0.007638225896920517,0.18078686434957042,0.9717885518295813,0.23552236592142692,0.010842761510928464,0.00579346034062107
107,1761145927.7367787,0.4364150425235438,-0.007638225896920517,0.18078686434957042,0.9717885518295813,0.23552236592142692,0.010842761510928464,0.00579346034062107
108,1761145927.8139014,0.46342916083465985,0.03063965938679225,0.20161314004235548,0.9650798973703364,0.2615510785946222,0.014155958370236088,0.002503395328630527
109,1761145927.8903844,0.46342916083465985,0.03063965938679225,0.20161314004235548,0.9650798973703364,0.2615510785946222,0.014155958370236088,0.002503395328630527
110,1761145927.9665616,0.49061200934229426,0.06607574463171326,0.22160127953470543,0.9574053865924367,0.28802147588195315,0.020011647317800117,-0.00358332431242442
111,1761145928.0424924,0.49061200934229426,0.06607574463171326,0.22160127953470543,0.9574053865924367,0.28802147588195315,0.020011647317800117,-0.00358332431242442
112,1761145928.1196477,0.514641573467936,0.09747967342067311,0.24003470346305578,0.9478565992985543,0.3178124574264627,0.022300105195569096,-0.007775599727534946
113,1761145928.1988745,0.514641573467936,0.09747967342067311,0.24003470346305578,0.9478565992985543,0.3178124574264627,0.022300105195569096,-0.007775599727534946
114,1761145928.2765977,0.5345557331227109,0.12356842116260151,0.25549606070340547,0.9376112334330142,0.3469527768998083,0.020749614259876408,-0.008539711278876145
115,1761145928.3537173,0.5345557331227109,0.12356842116260151,0.25549606070340547,0.9376112334330142,0.3469527768998083,0.020749614259876408,-0.008539711278876145
116,1761145928.432267,0.5509217572970023,0.14240735454204298,0.26515121947521303,0.928114811104604,0.37178376097341326,0.017782689120366513,-0.007610702300228891
117,1761145928.5088499,0.5509217572970023,0.14240735454204298,0.26515121947521303,0.928114811104604,0.37178376097341326,0.017782689120366513,-0.007610702300228891
118,1761145928.588993,0.5615923188502021,0.15360661087903751,0.27208943680746805,0.9202304896197636,0.3910558606981817,0.014674718170553611,-0.005489072490881861
119,1761145928.6667635,0.5615923188502021,0.15360661087903751,0.27208943680746805,0.9202304896197636,0.3910558606981817,0.014674718170553611,-0.005489072490881861
120,1761145928.7436452,0.5649161415370729,0.15531180594973568,0.2746410854251231,0.9140171037883696,0.4054839846011411,0.011589719512680405,-0.003923012331943302
121,1761145928.8219595,0.5649161415370729,0.15531180594973568,0.2746410854251231,0.9140171037883696,0.4054839846011411,0.011589719512680405,-0.003923012331943302
122,1761145928.9012988,0.5625718116169125,0.14845145620817393,0.2729856096442372,0.9101707261381986,0.4141911765901875,0.004703765376446444,-0.0026425413797768692
123,1761145928.980973,0.5625718116169125,0.14845145620817393,0.2729856096442372,0.9101707261381986,0.4141911765901875,0.004703765376446444,-0.0026425413797768692
124,1761145929.057389,0.5540087304380401,0.13224927603854653,0.26629029484391187,0.9089206485372064,0.4168962155824655,-0.0073512680311861416,0.0009659346850188489
125,1761145929.1367965,0.5540087304380401,0.13224927603854653,0.26629029484391187,0.9089206485372064,0.4168962155824655,-0.0073512680311861416,0.0009659346850188489
